title,summary,link
"中 부양책, 원자재 랠리 견인 가능?","**기사 요약: 중국 경기부양책과 원자재 시장 전망**

**주요 포인트:**

1. **중국 중앙경제공작회의**: 11월 11일부터 12일 사이에 진행된 회의에서 중국의 내년도 경기부양책에 대한 논의가 이루어졌다. 경제 성장 목표는 5%로 설정될 것으로 보인다.

2. **통화정책 변화**: 중국 정부는 통화정책을 '온건'에서 '완화'로 전환하며, 과감한 금리인하를 예고했다. 이는 14년 만의 변화로, 시중 유동성을 강조했다.

3. **미중 무역분쟁 대응**: 중국의 부양책은 미중 무역분쟁에 대응하기 위한 것으로 보인다. 특히 트럼프의 고관세 정책에 대비해 위안화 약세를 용인할 가능성도 제기되었다.

4. **경제 지표 혼재**: 11월 제조업 구매관리자지수(PMI)는 50.3으로 7개월래 최고치를 기록했으나, 수출액은 전년 대비 6.7% 증가에 그쳐 예상치를 밑돌았다. 이로 인해 부양책에 대한 긍정론과 부정론이 공존하고 있다.

5. **원자재 시장 반응**:
   - **유가**: 부양책 암시 이후 국제유가는 상승했으며, 중국의 원유 수입량은 14% 증가했다. 그러나 OPEC+의 감산 및 지정학적 리스크가 변수로 작용할 수 있다.
   - **구리**: '닥터 코퍼'로 불리는 구리는 경기 선행 지표로, 가격이 톤당 9,250달러를 넘겼으나, 향후 하락 압력도 존재한다.
   - **알루미늄**: 구리의 대체재로서 알루미늄 가격도 상승세를 보일 것으로 예상되며, 골드만삭스는 두 금속이 2025년 유망 원자재로 평가하고 있다.
   - **철광석**: 최근 가격이 톤당 100달러를 넘었지만, 공급과잉으로 인해 평균 가격은 95달러에 이를 것으로 전망된다.

이 기사는 중국의 경기부양책이 원자재 시장에 미치는 긍정적인 영향과 함께, 여러 외부 변수들로 인한 리스크를 강조하고 있다."
https://www.wowtv.co.kr/NewsCenter/News/Read?articleId=A202412130216


"美 완구업체, 트럼프 관세 위협 속 전망 악화","**기사 요약: 미국 완구업체, 트럼프 관세 위협 속 전망 악화**

- **배경**: 트럼프 행정부의 고율 관세 부과 정책이 임박하면서, 미국 완구업계는 가격 인상과 생산 구조 변화에 대한 우려가 커지고 있음.
- **완구 시장 현황**: 미국의 완구 시장 규모는 약 250억 달러로, 80% 이상이 중국에서 생산됨. 그러나 대체 생산국인 베트남, 인도, 멕시코에서도 관세 부담이 커짐.
- **가격 인상 경고**: NPR에 따르면, 30달러짜리 장난감이 45달러로 오르는 등 관세로 인해 장난감 가격이 급등할 것으로 예상됨.
- **내수 생산의 어려움**: 미국 내 생산은 높은 비용으로 인해 현실성이 부족하며, 많은 기업들이 여전히 저렴한 중국산을 선호함.
- **유통업체 영향**: 월마트와 아마존 등 유통업체들은 장난감 판매가 전체 매출의 큰 부분을 차지하여 관세로 인한 가격 상승이 실적에 부정적 영향을 미칠 수 있음.
- **중국의 대응**: 중국 정부는 자체 장난감 시장의 성장을 위해 다양한 대책을 모색 중이며, STEM 장난감 등 고부가가치 제품 육성에 집중하고 있음.
- **미래 전망**: 2025년부터 미국의 대중 60% 관세 부과가 현실화될 경우, 글로벌 완구 산업의 재편이 불가피할 것으로 보이며, 이에 대한 불확실성과 우려가 여전히 존재함.

**주요 포인트 정리**:
1. 트럼프 행정부의 관세 정책으로 미국 완구업계의 불안감 증대.
2. 미국 완구 시장의 80% 이상이 중국산으로 의존.
3. 장난감 가격 인상이 예상되며, 소비자 부담 증가.
4. 내수 생산은 높은 비용으로 인해 어려움.
5. 유통업체의 실적이 관세로 인해 부정적 영향을 받을 가능성.
6. 중국은 장난감 시장 성장을 위한 대책 모색 중.
7. 2025년 이후 대중 관세 부과로 인한 글로벌 완구 산업 재편 가능성."
https://www.wowtv.co.kr/NewsCenter/News/Read?articleId=A202412130215
